<?xml version="1.0" encoding="utf-8"?>
<extension type="component" version="2.5.0" method="upgrade">
 
	<name>COM_ESVOTING</name>
	<!-- The following elements are optional and free of formatting constraints -->
	<creationDate>Август 2013</creationDate>
	<author>Даминов В.В. Махонин И.Ю.</author>
	<authorEmail>vdaminov@gmail.com</authorEmail>
	<!--  The version string is recorded in the components table -->
	<version>0.0.2</version>
	<!-- The description is optional and defaults to the name -->
	<description>COM_ESVOTING_DESCRIPTION</description>
 
	<install> <!-- Runs on install -->
		<sql>
			<file driver="mysql" charset="utf8">sql/install.mysql.utf8.sql</file>
		</sql>
	</install>
	<uninstall> <!-- Runs on uninstall -->
		<sql>
			<file driver="mysql" charset="utf8">sql/uninstall.mysql.utf8.sql</file>
		</sql>
	</uninstall>	
	<update> <!-- Runs on update; New in 2.5 -->
		<schemas>
			<schemapath type="mysql">sql/updates/mysql</schemapath>
		</schemas>
	</update>
 
	<!-- Site Main File Copy Section -->
	<!-- Note the folder attribute: This attribute describes the folder
		to copy FROM in the package to install therefore files copied
		in this section are copied from /site/ in the package -->
	<files folder="site">
		<filename>index.html</filename>
		<filename>esvoting.php</filename>
		<filename>controller.php</filename>
		<folder>views</folder>
		<folder>models</folder>
		<folder>language</folder>
		<folder>controllers</folder>
	</files>
	<languages folder="site">
		<language tag="en-GB">language/en-GB/en-GB.com_esvoting.ini</language>
		<language tag="ru-RU">language/ru-RU/ru-RU.com_esvoting.ini</language>
	</languages>
	
 
	<administration>
		<!-- Administration Menu Section -->
		<menu>COM_ESVOTING_MENU</menu>
		<!-- Administration Main File Copy Section -->
		<!-- Note the folder attribute: This attribute describes the folder
			to copy FROM in the package to install therefore files copied
			in this section are copied from /admin/ in the package -->
		<files folder="admin">
			<!-- Admin Main File Copy Section -->
			<filename>index.html</filename>
			<filename>esvoting.php</filename>
			<filename>controller.php</filename>
			<!-- SQL files section -->
			<folder>sql</folder>
			<!-- models files section -->
			<folder>models</folder>
			<!-- views files section -->
			<folder>views</folder>
			<!-- controllers files section -->
			<folder>controllers</folder>
		</files>
		<languages folder="admin">
			<language tag="en-GB">language/en-GB/en-GB.com_esvoting.ini</language>
			<language tag="en-GB">language/en-GB/en-GB.com_esvoting.sys.ini</language>
			<language tag="ru-RU">language/ru-RU/ru-RU.com_esvoting.ini</language>
			<language tag="ru-RU">language/ru-RU/ru-RU.com_esvoting.sys.ini</language>
		</languages>
	</administration>
 
</extension>
